,Energy keV,Trapezoid Height
0,122.061,21430.91359285552
1,136.474,23924.074250363265
2,238.632,41931.11661122977
3,277.371,48681.26670744127
4,300.087,52546.18092643626
5,510.77,89779.40128377757
6,583.187,102529.34180026452
7,661.657,116245.15536960539
8,727.33,127931.48128215541
9,860.557,151168.99108739823
10,1173.228,206237.26531696814
11,1332.492,234284.6276947831
12,2614.511,460631.65423167055
